Author,Albert Einstein,Alexandre Dumas fils,Alfred Tennyson,Allen Saunders,André Gide,Ayn Rand,Bob Marley,C.S. Lewis,Charles Bukowski,Charles M. Schulz,Douglas Adams,Dr. Seuss,E.E. Cummings,Eleanor Roosevelt,Elie Wiesel,Ernest Hemingway,Friedrich Nietzsche,Garrison Keillor,George Bernard Shaw,George Carlin,George Eliot,George R.R. Martin,Harper Lee,Haruki Murakami,Helen Keller,J.D. Salinger,J.K. Rowling,J.M. Barrie,J.R.R. Tolkien,James Baldwin,Jane Austen,Jim Henson,Jimi Hendrix,John Lennon,Jorge Luis Borges,Khaled Hosseini,Madeleine L'Engle,Marilyn Monroe,Mark Twain,Martin Luther King Jr.,Mother Teresa,Pablo Neruda,Ralph Waldo Emerson,Stephenie Meyer,Steve Martin,Suzanne Collins,Terry Pratchett,Thomas A. Edison,W.C. Fields,William Nicholson
Albert Einstein,1.0,0.0,0.0,0.09179709913366955,0.0,0.0,0.11287677996480797,0.07658458649642423,0.0,0.0,0.023519559890405273,0.07626707674324326,0.0,0.03407980826291797,0.026114212935924894,0.0,0.0,0.014756287640267863,0.14996135212037157,0.0,0.0,0.03160796023620231,0.09650457907077539,0.20043732035815953,0.0,0.013505698687466445,0.04654615194987403,0.0,0.0,0.012831451545077668,0.03559407473604193,0.0,0.17838715958389897,0.082803129550646,0.0,0.0,0.028268330314611838,0.06252538590993284,0.11884433616350645,0.0,0.0,0.011128011113203702,0.038269016603505054,0.029587228786274556,0.05447542571096041,0.035790245404697746,0.0,0.03606801347053748,0.0,0.18396222055719647
Alexandre Dumas fils,0.0,1.0,0.0,0.0,0.0,0.0,0.0,0.0,0.0,0.0,0.0,0.0,0.0,0.0,0.0,0.0,0.0,0.0,0.0,0.0,0.0,0.0,0.0,0.0,0.0,0.0,0.0,0.0,0.0,0.0,0.0,0.0,0.0,0.0,0.0,0.0,0.0,0.052699486485617425,0.0,0.0,0.0,0.0,0.0,0.0,0.0,0.0,0.0,0.0,0.0,0.0
Alfred Tennyson,0.0,0.0,0.9999999999999998,0.0,0.0,0.0,0.0,0.0,0.057991393492672134,0.0,0.0,0.0,0.0,0.0,0.0,0.0,0.0,0.0,0.0,0.0,0.0,0.0,0.11958023994866028,0.0,0.0,0.0,0.023292691937913265,0.0,0.0,0.0,0.0,0.11529857366091867,0.08254263097742884,0.0,0.0,0.0,0.0,0.0,0.03569934422707058,0.0,0.07025911320030354,0.0,0.0,0.0,0.0,0.0,0.0,0.0,0.0,0.0
Allen Saunders,0.09179709913366955,0.0,0.0,1.0000000000000002,0.0,0.0,0.06394981158309433,0.0,0.2242586666939987,0.0,0.0,0.0,0.0,0.0,0.041711218519603695,0.0,0.0,0.0,0.2395274459596312,0.0,0.0,0.0,0.0,0.0,0.0,0.0,0.0,0.0,0.0,0.0,0.0,0.0,0.097096535310278,0.0,0.0,0.0,0.0,0.04158161258450618,0.08398769451013446,0.0,0.0,0.0,0.0,0.0,0.0,0.0,0.0,0.0,0.0,0.0
André Gide,0.0,0.0,0.0,0.0,1.0,0.0,0.07083177384929089,0.0,0.0,0.0,0.0,0.0,0.0,0.0,0.0,0.0,0.0,0.0,0.0,0.0,0.0,0.0,0.0,0.0,0.0,0.0,0.0,0.0,0.0,0.0,0.0,0.0,0.0,0.0,0.0,0.2272349130402758,0.0,0.03558007098805983,0.0,0.0,0.0,0.0,0.0,0.0,0.0,0.0,0.0,0.0,0.0,0.0
Ayn Rand,0.0,0.0,0.0,0.0,0.0,1.0,0.10121831239413259,0.0,0.0,0.0,0.0,0.06764555010006215,0.0,0.0,0.0,0.0,0.0,0.0,0.15750460603823235,0.0,0.0,0.0,0.0,0.0,0.0,0.0,0.0,0.0,0.0,0.0,0.0,0.0,0.08568865370368925,0.0,0.0,0.0,0.0,0.1415919252708927,0.037059985957544006,0.0,0.0,0.0,0.0,0.0,0.0,0.0,0.0,0.0,0.0,0.0
Bob Marley,0.11287677996480797,0.0,0.0,0.06394981158309433,0.07083177384929089,0.10121831239413259,1.0,0.05685926931080945,0.021908438255376965,0.11196509329642201,0.027217660073173586,0.05748036338769218,0.0,0.0705267461291702,0.00693605268336383,0.0,0.08307829592249646,0.05779536888626521,0.0,0.0,0.0,0.0,0.0,0.08885020682642494,0.0,0.0,0.05602476787502413,0.0,0.0,0.05934496113375334,0.07051459741946159,0.0,0.07076625981078474,0.0,0.0,0.13795449783166058,0.0,0.2231596991227596,0.1082608260371328,0.0,0.027486382847374556,0.039478574242372874,0.028964050729991385,0.0,0.07143062378927312,0.1475065974059998,0.0,0.03135584156956028,0.0,0.062179257356856026
C.S. Lewis,0.07658458649642423,0.0,0.0,0.0,0.0,0.0,0.05685926931080945,1.0000000000000002,0.009572828177037149,0.09349631225190665,0.0,0.0,0.0,0.05406939045391292,0.018184127902888786,0.023716320900439236,0.039688330707218146,0.03558398725535084,0.0,0.0,0.0,0.0,0.0,0.042749276434961195,0.030115551376451614,0.03942446077324639,0.018281721770136355,0.0,0.0,0.11665426661063091,0.08490545062899177,0.0,0.03166165456371411,0.0,0.0,0.0,0.03469282190513474,0.12338413489997191,0.009711983112889698,0.0,0.07206056875594953,0.0697389808742813,0.043155660682055494,0.0,0.032638367134203775,0.03626676085304795,0.0,0.0,0.0,0.0
Charles Bukowski,0.0,0.0,0.057991393492672134,0.2242586666939987,0.0,0.0,0.021908438255376965,0.009572828177037149,0.9999999999999993,0.0,0.0,0.0,0.0,0.0,0.0,0.0,0.0,0.04759753723667249,0.0,0.0,0.0,0.07303987996001289,0.0,0.0,0.0,0.038832263501120616,0.030921338010810737,0.0,0.0,0.0,0.03540382206815859,0.0,0.0,0.0,0.0,0.0,0.0,0.03858999382934974,0.07303195769997613,0.0,0.028275011660122848,0.0,0.02386852788595191,0.0,0.0,0.03628514923245158,0.030240054633616967,0.0,0.0,0.0
Charles M. Schulz,0.0,0.0,0.0,0.0,0.0,0.0,0.11196509329642201,0.09349631225190665,0.0,1.0,0.0,0.0,0.0,0.0,0.024032634668852446,0.0,0.05245317001711399,0.0,0.0,0.0,0.0,0.0,0.0,0.0,0.0,0.09847583076286327,0.015786782153122614,0.0,0.0,0.1541734300917907,0.1076592243856685,0.0,0.0,0.0,0.0,0.17167205869249558,0.0,0.10459835040514694,0.0,0.0,0.09523719433728456,0.09216892107668437,0.0,0.0,0.0,0.047931130866357245,0.0,0.0,0.0,0.0
Douglas Adams,0.023519559890405273,0.0,0.0,0.0,0.0,0.0,0.027217660073173586,0.0,0.0,0.0,0.9999999999999998,0.1315703759791279,0.0,0.0,0.0,0.0,0.0,0.059132174266690256,0.0,0.0,0.0,0.0,0.0,0.1147578486474002,0.0,0.0,0.0,0.0,0.0,0.051418869525665566,0.027388382881170986,0.0,0.0,0.0,0.0,0.0,0.0,0.0,0.0,0.0,0.0,0.0,0.0,0.0,0.0,0.0,0.0,0.0,0.0,0.0
Dr. Seuss,0.07626707674324326,0.0,0.0,0.0,0.0,0.06764555010006215,0.05748036338769218,0.0,0.0,0.0,0.1315703759791279,1.0000000000000002,0.0,0.03812905689853402,0.0,0.0,0.0,0.11498739474474959,0.0,0.0,0.0,0.0,0.08111132289640115,0.20244663246386144,0.0,0.015110400555545049,0.05109147352367288,0.051826185314119484,0.0,0.07178020813359445,0.06787745010122019,0.028595063559717238,0.0,0.036465360046486796,0.0495644411675545,0.0,0.0,0.14145323327828216,0.011882531687228519,0.0,0.08217568999613907,0.012450204109996177,0.04281601293847924,0.03310268418057156,0.060948013277561455,0.0992185110513926,0.027999753822566215,0.04035349398757049,0.0,0.13296749796336693
E.E. Cummings,0.0,0.0,0.0,0.0,0.0,0.0,0.0,0.0,0.0,0.0,0.0,0.0,1.0,0.0,0.0,0.0,0.0,0.0,0.0,0.0,0.0,0.0,0.1128829845547603,0.0,0.0,0.10073588736608154,0.09647506039447593,0.0,0.0,0.0,0.09425176594824165,0.0,0.0,0.0,0.0,0.0,0.0,0.0,0.0,0.0,0.0,0.0,0.0,0.0,0.0,0.0,0.0,0.0,0.0,0.0
Eleanor Roosevelt,0.03407980826291797,0.0,0.0,0.0,0.0,0.0,0.0705267461291702,0.05406939045391292,0.0,0.0,0.0,0.03812905689853402,0.0,1.0000000000000004,0.0,0.0,0.0,0.0,0.0,0.0,0.0,0.0,0.0,0.0,0.0,0.038968351373645224,0.019994220672833456,0.0,0.0,0.0,0.06774345245131183,0.0,0.0,0.0,0.0,0.0,0.0,0.048417325784137155,0.0,0.0,0.0,0.03210794622210679,0.07221587548395386,0.08536881757816443,0.2502993931263967,0.0425609763799773,0.0,0.0,0.0,0.15503112975554345
Elie Wiesel,0.026114212935924894,0.0,0.0,0.041711218519603695,0.0,0.0,0.00693605268336383,0.018184127902888786,0.0,0.024032634668852446,0.0,0.0,0.0,0.0,1.0000000000000002,0.0,0.01783225714402164,0.0,0.06814017857666488,0.0,0.0,0.0,0.0,0.0,0.0,0.0,0.01741009759905899,0.0,0.0,0.05241361483539792,0.020938677248362562,0.0,0.027621783502558818,0.0,0.0,0.0,0.0,0.02911222089545894,0.04235042722989598,0.0,0.032377340369390724,0.031334233961269026,0.0,0.0,0.0,0.01629492079380072,0.0,0.0,0.05888332164794456,0.0
Ernest Hemingway,0.0,0.0,0.0,0.0,0.0,0.0,0.0,0.023716320900439236,0.0,0.0,0.0,0.0,0.0,0.0,0.0,1.0,0.0,0.0,0.0,0.0,0.0,0.0,0.0,0.0,0.0,0.15458072494596065,0.0,0.0,0.0,0.0,0.02730889221110257,0.0,0.0,0.0,0.0,0.0,0.11496788797354929,0.0,0.032184357605065474,0.0,0.0,0.0,0.0,0.0,0.0,0.0,0.0,0.0,0.0,0.0
Friedrich Nietzsche,0.0,0.0,0.0,0.0,0.0,0.0,0.08307829592249646,0.039688330707218146,0.0,0.05245317001711399,0.0,0.0,0.0,0.0,0.01783225714402164,0.0,1.0000000000000004,0.0,0.0,0.0,0.0,0.0,0.0,0.0,0.0,0.0,0.01171382009131071,0.0,0.0,0.11439695597486199,0.04570035756692512,0.0,0.0,0.0,0.0,0.0,0.0,0.03772195218305983,0.0,0.0,0.07066616550780003,0.06838950135819429,0.0,0.0,0.0,0.03556498330665332,0.0,0.0,0.0,0.0
Garrison Keillor,0.014756287640267863,0.0,0.0,0.0,0.0,0.0,0.05779536888626521,0.03558398725535084,0.04759753723667249,0.0,0.059132174266690256,0.11498739474474959,0.0,0.0,0.0,0.0,0.0,1.0000000000000004,0.0,0.0,0.0,0.0,0.0,0.07199963908806722,0.0,0.0,0.031507328533084265,0.0,0.0,0.032260451827912595,0.017183606227309522,0.0,0.0,0.0,0.0,0.0,0.0,0.0956308016267392,0.0,0.0,0.0,0.0,0.0,0.0,0.0,0.0,0.0,0.0,0.0,0.0
George Bernard Shaw,0.14996135212037157,0.0,0.0,0.2395274459596312,0.0,0.15750460603823235,0.0,0.0,0.0,0.0,0.0,0.0,0.0,0.0,0.06814017857666488,0.0,0.0,0.0,1.0,0.0,0.0,0.0,0.0,0.0,0.0,0.0,0.0,0.0,0.0,0.0,0.0,0.0,0.1586186040599193,0.0,0.0,0.0,0.0,0.06792845204659505,0.13720377167771397,0.0,0.0,0.0,0.0,0.0,0.0,0.0,0.0,0.0,0.0,0.0
George Carlin,0.0,0.0,0.0,0.0,0.0,0.0,0.0,0.0,0.0,0.0,0.0,0.0,0.0,0.0,0.0,0.0,0.0,0.0,0.0,1.0,0.0,0.0,0.0,0.0,0.0,0.0,0.0,0.0,0.0,0.0,0.0,0.0,0.0,0.0,0.0,0.0,0.0,0.0,0.0,0.0,0.0,0.0,0.0,0.0,0.0,0.0,0.0,0.0,0.0,0.0
George Eliot,0.0,0.0,0.0,0.0,0.0,0.0,0.0,0.0,0.0,0.0,0.0,0.0,0.0,0.0,0.0,0.0,0.0,0.0,0.0,0.0,1.0,0.0,0.0,0.0,0.0,0.0,0.0,0.0,0.0,0.0,0.0,0.0,0.0,0.0,0.0,0.0,0.0,0.0,0.0,0.0,0.0,0.0,0.0,0.0,0.0,0.0,0.0,0.0,0.0,0.0
George R.R. Martin,0.03160796023620231,0.0,0.0,0.0,0.0,0.0,0.0,0.0,0.07303987996001289,0.0,0.0,0.0,0.0,0.0,0.0,0.0,0.0,0.0,0.0,0.0,0.0,0.9999999999999999,0.0,0.08781762679331646,0.0,0.0,0.016116320489960746,0.0,0.0,0.0,0.0,0.0,0.0,0.0,0.0,0.0,0.0,0.010738165771565559,0.12049140576011566,0.0,0.0,0.0,0.0,0.0,0.0,0.0,0.051991057965956274,0.0,0.0,0.0
Harper Lee,0.09650457907077539,0.0,0.11958023994866028,0.0,0.0,0.0,0.0,0.0,0.0,0.0,0.0,0.08111132289640115,0.1128829845547603,0.0,0.0,0.0,0.0,0.0,0.0,0.0,0.0,0.0,1.0,0.0,0.0,0.06015382181419627,0.0288047474649891,0.0,0.0,0.0,0.08442280228177432,0.0,0.0,0.0,0.0,0.0,0.0,0.0,0.0,0.0,0.13054242978163955,0.0,0.0,0.0,0.0,0.06569960748020941,0.06980740195713743,0.0,0.0,0.0
Haruki Murakami,0.20043732035815953,0.0,0.0,0.0,0.0,0.0,0.08885020682642494,0.042749276434961195,0.0,0.0,0.1147578486474002,0.20244663246386144,0.0,0.0,0.0,0.0,0.0,0.07199963908806722,0.0,0.0,0.0,0.08781762679331646,0.0,1.0,0.0,0.10522289576695255,0.0,0.0,0.0,0.0626078796201105,0.08257321398663497,0.0,0.0,0.0,0.0,0.0,0.0,0.0,0.11788826551681168,0.0,0.0,0.0,0.0,0.0,0.0,0.0,0.0,0.0,0.0,0.31771573939140274
Helen Keller,0.0,0.0,0.0,0.0,0.0,0.0,0.0,0.030115551376451614,0.0,0.0,0.0,0.0,0.0,0.0,0.0,0.0,0.0,0.0,0.0,0.0,0.0,0.0,0.0,0.0,1.0,0.0,0.0,0.0,0.0,0.0,0.0,0.0,0.0,0.0,0.0,0.0,0.0,0.0,0.0,0.0,0.0,0.0,0.05325600328572138,0.0,0.0,0.0,0.0,0.0,0.0,0.0
J.D. Salinger,0.013505698687466445,0.0,0.0,0.0,0.0,0.0,0.0,0.03942446077324639,0.038832263501120616,0.09847583076286327,0.0,0.015110400555545049,0.10073588736608154,0.038968351373645224,0.0,0.15458072494596065,0.0,0.0,0.0,0.0,0.0,0.0,0.06015382181419627,0.10522289576695255,0.0,1.0000000000000004,0.0,0.0,0.0,0.0,0.11134931584161373,0.0,0.0,0.0,0.0,0.0,0.08539277123764387,0.05923808596689796,0.02390503587429722,0.0,0.0,0.0,0.0,0.07364888999454594,0.06228959722885054,0.03671795810688579,0.0,0.0,0.0,0.0
J.K. Rowling,0.04654615194987403,0.0,0.023292691937913265,0.0,0.0,0.0,0.05602476787502413,0.018281721770136355,0.030921338010810737,0.015786782153122614,0.0,0.05109147352367288,0.09647506039447593,0.019994220672833456,0.01741009759905899,0.0,0.01171382009131071,0.031507328533084265,0.0,0.0,0.0,0.016116320489960746,0.0288047474649891,0.0,0.0,0.0,1.0000000000000004,0.04848317707844165,0.0,0.0344299462237701,0.03815434081732593,0.027773370406365485,0.09373293198948106,0.0768808597759111,0.039668766771019534,0.030070550759968853,0.0,0.16733107480972373,0.06758964187349722,0.0,0.20554396627272997,0.020583125083769714,0.0,0.0,0.0,0.10678020145122821,0.05535115501368916,0.024262428714699875,0.0,0.0
J.M. Barrie,0.0,0.0,0.0,0.0,0.0,0.0,0.0,0.0,0.0,0.0,0.0,0.051826185314119484,0.0,0.0,0.0,0.0,0.0,0.0,0.0,0.0,0.0,0.0,0.0,0.0,0.0,0.0,0.04848317707844165,1.0,0.0,0.0,0.0,0.0,0.293979027752323,0.0,0.0,0.0,0.0,0.031474145809899254,0.06357235275272191,0.0,0.0,0.0,0.0,0.0,0.0,0.0,0.0,0.0,0.0,0.0
J.R.R. Tolkien,0.0,0.0,0.0,0.0,0.0,0.0,0.0,0.0,0.0,0.0,0.0,0.0,0.0,0.0,0.0,0.0,0.0,0.0,0.0,0.0,0.0,0.0,0.0,0.0,0.0,0.0,0.0,0.0,1.0000000000000002,0.0,0.0,0.0,0.0,0.0,0.0,0.0,0.0,0.0,0.0,0.0,0.0,0.0,0.0,0.0,0.0,0.0,0.0,0.0,0.0,0.0
James Baldwin,0.012831451545077668,0.0,0.0,0.0,0.0,0.0,0.05934496113375334,0.11665426661063091,0.0,0.1541734300917907,0.051418869525665566,0.07178020813359445,0.0,0.0,0.05241361483539792,0.0,0.11439695597486199,0.032260451827912595,0.0,0.0,0.0,0.0,0.0,0.0626078796201105,0.0,0.0,0.0344299462237701,0.0,0.0,1.0,0.14926731457874162,0.0,0.060101386450221485,0.0,0.0,0.0,0.0,0.05225075419973008,0.025993599404377576,0.0,0.2077061333798708,0.2670268244843891,0.04508914531674937,0.0,0.0,0.10453468237963527,0.0,0.0,0.0,0.0
Jane Austen,0.03559407473604193,0.0,0.0,0.0,0.0,0.0,0.07051459741946159,0.08490545062899177,0.03540382206815859,0.1076592243856685,0.027388382881170986,0.06787745010122019,0.09425176594824165,0.06774345245131183,0.020938677248362562,0.02730889221110257,0.04570035756692512,0.017183606227309522,0.0,0.0,0.0,0.0,0.08442280228177432,0.08257321398663497,0.0,0.11134931584161373,0.03815434081732593,0.0,0.0,0.14926731457874162,0.9999999999999999,0.029762495677947934,0.0,0.029769650970449892,0.060299239569452025,0.0,0.03994812424252347,0.07517377316621343,0.10923330415463192,0.0,0.1316573950030693,0.10370574239096461,0.053162568035100784,0.034454146003041045,0.06672254316355535,0.08636571966605656,0.05206423122974349,0.0,0.0,0.0
Jim Henson,0.0,0.0,0.11529857366091867,0.0,0.0,0.0,0.0,0.0,0.0,0.0,0.0,0.028595063559717238,0.0,0.0,0.0,0.0,0.0,0.0,0.0,0.0,0.0,0.0,0.0,0.0,0.0,0.0,0.027773370406365485,0.0,0.0,0.0,0.029762495677947934,1.0000000000000002,0.09842087254503258,0.0,0.0,0.0,0.0,0.017365839188567107,0.04256661759514954,0.0,0.08377444653181672,0.0,0.0,0.0,0.0,0.0,0.0,0.0,0.0,0.0
Jimi Hendrix,0.17838715958389897,0.0,0.08254263097742884,0.097096535310278,0.0,0.08568865370368925,0.07076625981078474,0.03166165456371411,0.0,0.0,0.0,0.0,0.0,0.0,0.027621783502558818,0.0,0.0,0.0,0.1586186040599193,0.0,0.0,0.0,0.0,0.0,0.0,0.0,0.09373293198948106,0.293979027752323,0.0,0.060101386450221485,0.0,0.09842087254503258,1.0000000000000004,0.09081458474365585,0.0,0.0,0.0,0.04422116969031942,0.24345441987801547,0.0,0.05997440389635948,0.09581382803390898,0.0,0.0,0.0,0.0,0.0,0.0,0.0,0.0
John Lennon,0.082803129550646,0.0,0.0,0.0,0.0,0.0,0.0,0.0,0.0,0.0,0.0,0.036465360046486796,0.0,0.0,0.0,0.0,0.0,0.0,0.0,0.0,0.0,0.0,0.0,0.0,0.0,0.0,0.0768808597759111,0.0,0.0,0.0,0.029769650970449892,0.0,0.09081458474365585,1.0000000000000002,0.0,0.0,0.0,0.14920699526793588,0.035084436424756046,0.0,0.0,0.0,0.0,0.0,0.0,0.10357296122375763,0.0,0.0,0.0,0.0
Jorge Luis Borges,0.0,0.0,0.0,0.0,0.0,0.0,0.0,0.0,0.0,0.0,0.0,0.0495644411675545,0.0,0.0,0.0,0.0,0.0,0.0,0.0,0.0,0.0,0.0,0.0,0.0,0.0,0.0,0.039668766771019534,0.0,0.0,0.0,0.060299239569452025,0.0,0.0,0.0,1.0000000000000002,0.0,0.0,0.0,0.0,0.0,0.0,0.0,0.0,0.0,0.0,0.0,0.0,0.0,0.0,0.0
Khaled Hosseini,0.0,0.0,0.0,0.0,0.2272349130402758,0.0,0.13795449783166058,0.0,0.0,0.17167205869249558,0.0,0.0,0.0,0.0,0.0,0.0,0.0,0.0,0.0,0.0,0.0,0.0,0.0,0.0,0.0,0.0,0.030070550759968853,0.0,0.0,0.0,0.0,0.0,0.0,0.0,0.0,1.0,0.0,0.05190807415020135,0.16085474838550365,0.0,0.0,0.0,0.0,0.0,0.0,0.0,0.0,0.0,0.0,0.0
Madeleine L'Engle,0.028268330314611838,0.0,0.0,0.0,0.0,0.0,0.0,0.03469282190513474,0.0,0.0,0.0,0.0,0.0,0.0,0.0,0.11496788797354929,0.0,0.0,0.0,0.0,0.0,0.0,0.0,0.0,0.0,0.08539277123764387,0.0,0.0,0.0,0.0,0.03994812424252347,0.0,0.0,0.0,0.0,0.0,1.0,0.0,0.04708007583516151,0.0,0.0,0.0,0.0,0.0,0.0,0.0,0.0,0.0,0.0,0.0
Marilyn Monroe,0.06252538590993284,0.052699486485617425,0.0,0.04158161258450618,0.03558007098805983,0.1415919252708927,0.2231596991227596,0.12338413489997191,0.03858999382934974,0.10459835040514694,0.0,0.14145323327828216,0.0,0.048417325784137155,0.02911222089545894,0.0,0.03772195218305983,0.0956308016267392,0.06792845204659505,0.0,0.0,0.010738165771565559,0.0,0.0,0.0,0.05923808596689796,0.16733107480972373,0.031474145809899254,0.0,0.05225075419973008,0.07517377316621343,0.017365839188567107,0.04422116969031942,0.14920699526793588,0.0,0.05190807415020135,0.0,0.9999999999999992,0.14350125504450603,0.0,0.050383514042988686,0.04489185422298797,0.011988889488304816,0.020103326190872586,0.017002674330629953,0.0913089769278712,0.04527039399915342,0.07364113732974858,0.02935017910472878,0.0
Mark Twain,0.11884433616350645,0.0,0.03569934422707058,0.08398769451013446,0.0,0.037059985957544006,0.1082608260371328,0.009711983112889698,0.07303195769997613,0.0,0.0,0.011882531687228519,0.0,0.0,0.04235042722989598,0.032184357605065474,0.0,0.0,0.13720377167771397,0.0,0.0,0.12049140576011566,0.0,0.11788826551681168,0.0,0.02390503587429722,0.06758964187349722,0.06357235275272191,0.0,0.025993599404377576,0.10923330415463192,0.04256661759514954,0.24345441987801547,0.035084436424756046,0.0,0.16085474838550365,0.04708007583516151,0.14350125504450603,1.0000000000000004,0.0,0.08331073987167419,0.04143908169865811,0.0,0.0,0.0,0.028874304098794407,0.061359275337050705,0.0,0.0,0.08936418199357414
Martin Luther King Jr.,0.0,0.0,0.0,0.0,0.0,0.0,0.0,0.0,0.0,0.0,0.0,0.0,0.0,0.0,0.0,0.0,0.0,0.0,0.0,0.0,0.0,0.0,0.0,0.0,0.0,0.0,0.0,0.0,0.0,0.0,0.0,0.0,0.0,0.0,0.0,0.0,0.0,0.0,0.0,1.0000000000000002,0.0,0.0,0.0,0.0,0.0,0.0,0.0,0.0,0.0,0.0
Mother Teresa,0.0,0.0,0.07025911320030354,0.0,0.0,0.0,0.027486382847374556,0.07206056875594953,0.028275011660122848,0.09523719433728456,0.0,0.08217568999613907,0.0,0.0,0.032377340369390724,0.0,0.07066616550780003,0.0,0.0,0.0,0.0,0.0,0.13054242978163955,0.0,0.0,0.0,0.20554396627272997,0.0,0.0,0.2077061333798708,0.1316573950030693,0.08377444653181672,0.05997440389635948,0.0,0.0,0.0,0.0,0.050383514042988686,0.08331073987167419,0.0,1.0000000000000002,0.12417217547300295,0.0,0.0,0.0,0.064573966181127,0.19557028103636287,0.0,0.0,0.0
Pablo Neruda,0.011128011113203702,0.0,0.0,0.0,0.0,0.0,0.039478574242372874,0.0697389808742813,0.0,0.09216892107668437,0.0,0.012450204109996177,0.0,0.03210794622210679,0.031334233961269026,0.0,0.06838950135819429,0.0,0.0,0.0,0.0,0.0,0.0,0.0,0.0,0.0,0.020583125083769714,0.0,0.0,0.2670268244843891,0.10370574239096461,0.0,0.09581382803390898,0.0,0.0,0.0,0.0,0.04489185422298797,0.04143908169865811,0.0,0.12417217547300295,1.0000000000000002,0.0,0.0,0.05132347065042232,0.06249357547723069,0.0,0.0,0.0,0.09363343900346427
Ralph Waldo Emerson,0.038269016603505054,0.0,0.0,0.0,0.0,0.0,0.028964050729991385,0.043155660682055494,0.02386852788595191,0.0,0.0,0.04281601293847924,0.0,0.07221587548395386,0.0,0.0,0.0,0.0,0.0,0.0,0.0,0.0,0.0,0.0,0.05325600328572138,0.0,0.0,0.0,0.0,0.04508914531674937,0.053162568035100784,0.0,0.0,0.0,0.0,0.0,0.0,0.011988889488304816,0.0,0.0,0.0,0.0,1.0,0.0,0.11543464475293566,0.047970781434231086,0.0,0.0,0.0,0.0
Stephenie Meyer,0.029587228786274556,0.0,0.0,0.0,0.0,0.0,0.0,0.0,0.0,0.0,0.0,0.03310268418057156,0.0,0.08536881757816443,0.0,0.0,0.0,0.0,0.0,0.0,0.0,0.0,0.0,0.0,0.0,0.07364888999454594,0.0,0.0,0.0,0.0,0.034454146003041045,0.0,0.0,0.0,0.0,0.0,0.0,0.020103326190872586,0.0,0.0,0.0,0.0,0.0,1.0,0.13645917970354343,0.08043883194887642,0.0,0.0,0.0,0.0
Steve Martin,0.05447542571096041,0.0,0.0,0.0,0.0,0.0,0.07143062378927312,0.032638367134203775,0.0,0.0,0.0,0.060948013277561455,0.0,0.2502993931263967,0.0,0.0,0.0,0.0,0.0,0.0,0.0,0.0,0.0,0.0,0.0,0.06228959722885054,0.0,0.0,0.0,0.0,0.06672254316355535,0.0,0.0,0.0,0.0,0.0,0.0,0.017002674330629953,0.0,0.0,0.0,0.05132347065042232,0.11543464475293566,0.13645917970354343,1.0,0.06803228730298257,0.0,0.0,0.0,0.247812039514135
Suzanne Collins,0.035790245404697746,0.0,0.0,0.0,0.0,0.0,0.1475065974059998,0.03626676085304795,0.03628514923245158,0.047931130866357245,0.0,0.0992185110513926,0.0,0.0425609763799773,0.01629492079380072,0.0,0.03556498330665332,0.0,0.0,0.0,0.0,0.0,0.06569960748020941,0.0,0.0,0.03671795810688579,0.10678020145122821,0.0,0.0,0.10453468237963527,0.08636571966605656,0.0,0.0,0.10357296122375763,0.0,0.0,0.0,0.0913089769278712,0.028874304098794407,0.0,0.064573966181127,0.06249357547723069,0.047970781434231086,0.08043883194887642,0.06803228730298257,1.0000000000000002,0.0,0.0,0.0,0.0
Terry Pratchett,0.0,0.0,0.0,0.0,0.0,0.0,0.0,0.0,0.030240054633616967,0.0,0.0,0.027999753822566215,0.0,0.0,0.0,0.0,0.0,0.0,0.0,0.0,0.0,0.051991057965956274,0.06980740195713743,0.0,0.0,0.0,0.05535115501368916,0.0,0.0,0.0,0.05206423122974349,0.0,0.0,0.0,0.0,0.0,0.0,0.04527039399915342,0.061359275337050705,0.0,0.19557028103636287,0.0,0.0,0.0,0.0,0.0,1.0,0.0,0.0,0.0
Thomas A. Edison,0.03606801347053748,0.0,0.0,0.0,0.0,0.0,0.03135584156956028,0.0,0.0,0.0,0.0,0.04035349398757049,0.0,0.0,0.0,0.0,0.0,0.0,0.0,0.0,0.0,0.0,0.0,0.0,0.0,0.0,0.024262428714699875,0.0,0.0,0.0,0.0,0.0,0.0,0.0,0.0,0.0,0.0,0.07364113732974858,0.0,0.0,0.0,0.0,0.0,0.0,0.0,0.0,0.0,1.0000000000000002,0.0,0.0
W.C. Fields,0.0,0.0,0.0,0.0,0.0,0.0,0.0,0.0,0.0,0.0,0.0,0.0,0.0,0.0,0.05888332164794456,0.0,0.0,0.0,0.0,0.0,0.0,0.0,0.0,0.0,0.0,0.0,0.0,0.0,0.0,0.0,0.0,0.0,0.0,0.0,0.0,0.0,0.0,0.02935017910472878,0.0,0.0,0.0,0.0,0.0,0.0,0.0,0.0,0.0,0.0,1.0000000000000004,0.0
William Nicholson,0.18396222055719647,0.0,0.0,0.0,0.0,0.0,0.062179257356856026,0.0,0.0,0.0,0.0,0.13296749796336693,0.0,0.15503112975554345,0.0,0.0,0.0,0.0,0.0,0.0,0.0,0.0,0.0,0.31771573939140274,0.0,0.0,0.0,0.0,0.0,0.0,0.0,0.0,0.0,0.0,0.0,0.0,0.0,0.0,0.08936418199357414,0.0,0.0,0.09363343900346427,0.0,0.0,0.247812039514135,0.0,0.0,0.0,0.0,1.0
