Author,AvgQuoteLength,StdQuoteLength,MaxQuoteLength,AvgWordCount,StdWordCount,MaxWordCount,AvgYearOfBirth,believe,best,book,come,day,die,doesn,don,drink,forget,friends,going,good,great,happens,high,hurt,indifference,just,know,let,life,like,little,live,lives,ll,love,make,makes,man,music,opposite,people,person,read,reading,really,remember,small,tales,thing,things,think,thinking,time,truth,want,way,world
Albert Einstein,93.7,35.40888149728665,147,18.0,7.2571803523590805,31,1879.0,0.0,0.0,0.0,0.0,0.0,0.0,0.0,1.0,0.0,0.0,0.0,0.0,0.0,0.0,0.0,0.0,0.0,0.0,0.0,1.0,0.0,1.5733470110516952,0.7173514936986657,0.0,0.9997933224789548,0.0,0.0,0.0,0.0,0.0,1.0,0.9154138230546558,0.0,0.0,0.0,0.525675646231285,0.0,0.0,0.0,0.0,0.6209767667733032,0.0,0.0,0.2309150513862664,0.9173882446972853,0.0,0.0,0.5814232280250724,0.0,0.39799347795062406
Alexandre Dumas fils,72.0,0.0,72,11.0,0.0,11,1824.0,0.0,0.0,0.0,0.0,0.0,0.0,0.0,0.0,0.0,0.0,0.0,0.0,0.0,0.0,0.0,0.0,0.0,0.0,0.0,0.0,0.0,0.0,0.0,0.0,0.0,0.0,0.0,0.0,0.0,0.0,0.0,0.0,0.0,0.0,0.0,0.0,0.0,0.0,0.0,0.0,0.0,0.0,0.0,0.0,0.0,0.0,0.0,0.0,0.0,0.0
Alfred Tennyson,93.0,0.0,93,18.0,0.0,18,1809.0,0.0,0.0,0.0,0.0,0.0,0.0,0.0,0.0,0.0,0.0,0.0,0.0,0.0,0.0,0.0,0.0,0.0,0.0,0.0,0.0,0.0,0.0,0.0,0.0,0.0,0.0,0.0,0.0,0.0,0.0,0.0,0.0,0.0,0.0,0.0,0.0,0.0,0.0,0.0,0.0,0.0,0.0,0.0,0.0,0.0,1.0,0.0,0.0,0.0,0.0
Allen Saunders,61.0,0.0,61,12.0,0.0,12,1899.0,0.0,0.0,0.0,0.0,0.0,0.0,0.0,0.0,0.0,0.0,0.0,0.0,0.0,0.0,0.8144878117714316,0.0,0.0,0.0,0.0,0.0,0.0,0.5801806653756958,0.0,0.0,0.0,0.0,0.0,0.0,0.0,0.0,0.0,0.0,0.0,0.0,0.0,0.0,0.0,0.0,0.0,0.0,0.0,0.0,0.0,0.0,0.0,0.0,0.0,0.0,0.0,0.0
André Gide,82.0,0.0,82,19.0,0.0,19,1869.0,0.0,0.0,0.0,0.0,0.0,0.0,0.0,0.0,0.0,0.0,0.0,0.0,0.0,0.0,0.0,0.0,0.0,0.0,0.0,0.0,0.0,0.0,0.0,0.0,0.0,0.0,0.0,0.0,0.0,0.0,0.0,0.0,0.0,0.0,0.0,0.0,0.0,0.0,0.0,0.0,0.0,0.0,0.0,0.0,0.0,0.0,0.0,0.0,0.0,0.0
Ayn Rand,74.0,0.0,74,16.0,0.0,16,1905.0,0.0,0.0,0.0,0.0,0.0,0.0,0.0,0.0,0.0,0.0,0.0,0.9024917694407543,0.0,0.0,0.0,0.0,0.0,0.0,0.0,0.0,0.43070710011758134,0.0,0.0,0.0,0.0,0.0,0.0,0.0,0.0,0.0,0.0,0.0,0.0,0.0,0.0,0.0,0.0,0.0,0.0,0.0,0.0,0.0,0.0,0.0,0.0,0.0,0.0,0.0,0.0,0.0
Bob Marley,286.3333333333333,356.0074905579001,697,56.666666666666664,70.50059101407118,138,1945.0,0.0,0.0,0.0,0.0,0.18072625026988254,0.0,0.0,0.7532756493109033,0.0,0.0,0.0,0.5214194770193418,0.5129132551750365,0.0,0.0,0.0,0.7187186025264557,0.0,0.477620905096161,0.17414918723359024,0.18831891232772582,0.0,0.0,0.0,0.0,0.0,0.0,0.14000835629962288,0.17414918723359024,0.4165800363351152,0.0,0.6552000205933182,0.0,0.0,0.0,0.0,0.0,0.0,0.0,0.0,0.0,0.5546466674201364,0.0,0.1683478064878941,0.2082900181675576,0.0,0.477620905096161,0.0,0.0,0.0
C.S. Lewis,184.4,187.4441250079607,516,34.8,32.414502926930716,92,1898.0,1.0,1.0,1.0,0.0,0.5193856495771536,0.0,0.0,0.0,0.0,0.0,0.0,0.0,0.0,0.0,0.0,0.0,0.0,0.0,0.0,0.0,0.0,0.0,0.0,0.38445963284076423,0.0,0.0,0.0,0.7752780723408071,0.3214428284771833,0.0,0.0,0.0,0.0,0.0,0.0,0.0,0.5670141128335786,0.0,0.0,0.0,0.6393227219963856,0.0,0.0,0.0,0.0,0.0,0.0,0.38445963284076423,0.0,0.0
Charles Bukowski,161.5,127.9863273947651,252,28.0,22.627416997969522,44,1920.0,0.0,0.0,0.0,0.0,0.0,0.0,0.0,0.0,0.7944819197925633,0.17064933580099825,0.0,0.0,0.14267819165385565,0.0,0.5467752285593891,0.0,0.0,0.0,0.0,0.0,0.0,0.0,0.0,0.0,0.0,0.7671801960962826,0.0,0.0,0.14267819165385565,0.0,0.0,0.0,0.0,0.6414316383821969,0.0,0.0,0.0,0.0,0.0,0.0,0.0,0.0,0.0,0.0,0.0,0.0,0.0,0.0,0.0,0.0
Charles M. Schulz,73.0,0.0,73,14.0,0.0,14,1922.0,0.0,0.0,0.0,0.0,0.0,0.0,0.5257274697642011,0.0,0.0,0.0,0.0,0.0,0.0,0.0,0.0,0.0,0.5257274697642011,0.0,0.0,0.0,0.0,0.0,0.0,0.5550140374262388,0.0,0.0,0.0,0.3730692607686773,0.0,0.0,0.0,0.0,0.0,0.0,0.0,0.0,0.0,0.0,0.0,0.0,0.0,0.0,0.0,0.0,0.0,0.0,0.0,0.0,0.0,0.0
Douglas Adams,95.0,0.0,95,22.0,0.0,22,1952.0,0.0,0.0,0.0,0.0,0.0,0.0,0.0,0.0,0.0,0.0,0.0,0.0,0.0,0.0,0.0,0.0,0.0,0.0,0.0,0.0,0.0,0.0,0.0,0.0,0.0,0.0,0.0,0.0,0.0,0.0,0.0,0.0,0.0,0.0,0.0,0.0,0.0,0.0,0.0,0.0,0.0,0.0,0.0,1.0,0.0,0.0,0.0,0.0,0.0,0.0
Dr. Seuss,107.66666666666667,53.683020282643064,206,21.166666666666668,10.943795807061948,41,1904.0,0.0,0.0,0.0,0.9037615568863828,0.0,0.0,0.0,0.0,0.0,0.0,0.0,0.4280362698350472,0.0,0.0,0.0,0.24020703407143204,0.0,0.0,0.0,0.4525208582915415,0.0,0.0,1.0,0.0,0.0,0.0,0.5412346694924094,0.0,0.0,0.0,0.0,0.0,0.0,0.0,0.8843571543369994,0.48934041664384514,0.0,0.0,0.0,0.46681090772706285,0.0,0.0,0.5126752012623168,0.9707216803917619,0.0,0.0,0.0,0.0,0.0,0.0
E.E. Cummings,60.0,0.0,60,12.0,0.0,12,1894.0,0.0,0.0,0.0,0.0,0.0,0.0,0.0,0.0,0.0,0.0,0.0,0.0,0.0,0.0,0.0,0.0,0.0,0.0,0.0,0.0,0.0,0.0,0.0,0.0,0.0,0.0,0.0,0.0,0.0,0.0,0.0,0.0,0.0,0.0,0.0,0.0,0.0,1.0,0.0,0.0,0.0,0.0,0.0,0.0,0.0,0.0,0.0,0.0,0.0,0.0
Eleanor Roosevelt,63.0,31.11269837220809,85,13.5,7.7781745930520225,19,1884.0,0.0,0.0,0.0,0.0,0.6924123792563893,0.0,0.0,0.0,0.0,0.0,0.0,0.0,0.0,0.0,0.0,0.0,0.0,0.0,0.0,0.7297599850512536,0.0,0.0,0.6837034183167392,0.0,0.0,0.0,0.0,0.0,0.0,0.0,0.0,0.0,0.0,0.0,0.0,0.0,0.0,0.0,0.0,0.0,0.0,0.721501973006662,0.0,0.0,0.0,0.0,0.0,0.0,0.0,0.0
Elie Wiesel,224.0,0.0,224,37.0,0.0,37,1928.0,0.0,0.0,0.0,0.0,0.0,0.0,0.0,0.0,0.0,0.0,0.0,0.0,0.0,0.0,0.0,0.0,0.0,0.6988482361395543,0.0,0.0,0.0,0.11419973420466106,0.0,0.0,0.0,0.0,0.0,0.10089948660351229,0.0,0.0,0.0,0.0,0.6988482361395543,0.0,0.0,0.0,0.0,0.0,0.0,0.0,0.0,0.0,0.0,0.0,0.0,0.0,0.0,0.0,0.0,0.0
Ernest Hemingway,60.0,28.284271247461902,80,12.5,4.949747468305833,16,1899.0,0.0,0.0,1.0,0.0,0.0,0.0,0.0,0.0,0.0,0.0,0.0,0.0,0.0,0.0,0.0,0.0,0.0,0.0,0.0,0.0,0.0,0.0,0.0,0.0,0.0,0.0,0.0,0.0,0.0,0.0,0.0,0.0,0.0,0.0,0.0,0.0,0.0,0.0,0.0,0.0,0.0,0.0,0.0,0.0,0.0,0.0,0.0,0.0,0.0,0.0
Friedrich Nietzsche,82.0,0.0,82,16.0,0.0,16,1844.0,0.0,0.0,0.0,0.0,0.0,0.0,0.0,0.0,0.0,0.0,0.0,0.0,0.0,0.0,0.0,0.0,0.0,0.0,0.0,0.0,0.0,0.0,0.0,0.0,0.0,0.0,0.0,0.5578638870651285,0.0,0.82993245719672,0.0,0.0,0.0,0.0,0.0,0.0,0.0,0.0,0.0,0.0,0.0,0.0,0.0,0.0,0.0,0.0,0.0,0.0,0.0,0.0
Garrison Keillor,123.0,0.0,123,24.0,0.0,24,1942.0,0.0,0.0,0.0,0.0,0.0,0.0,0.0,0.0,0.0,0.0,0.0,0.0,0.0,0.0,0.0,0.0,0.0,0.0,0.0,0.0,0.0,0.0,0.0,0.0,0.0,0.0,0.0,0.0,0.9003453146482422,0.0,0.0,0.0,0.0,0.0,0.0,0.0,0.0,0.0,0.0,0.0,0.0,0.0,0.0,0.43517618775727784,0.0,0.0,0.0,0.0,0.0,0.0
George Bernard Shaw,69.0,0.0,69,10.0,0.0,10,1856.0,0.0,0.0,0.0,0.0,0.0,0.0,0.0,0.0,0.0,0.0,0.0,0.0,0.0,0.0,0.0,0.0,0.0,0.0,0.0,0.0,0.0,1.0,0.0,0.0,0.0,0.0,0.0,0.0,0.0,0.0,0.0,0.0,0.0,0.0,0.0,0.0,0.0,0.0,0.0,0.0,0.0,0.0,0.0,0.0,0.0,0.0,0.0,0.0,0.0,0.0
George Carlin,81.0,0.0,81,16.0,0.0,16,1937.0,0.0,0.0,0.0,0.0,0.0,0.0,0.0,0.0,0.0,0.0,0.0,0.0,0.0,0.0,0.0,0.0,0.0,0.0,0.0,0.0,0.0,0.0,0.0,0.0,0.0,0.0,0.0,0.0,0.0,0.0,0.0,0.0,0.0,0.0,0.0,0.0,0.0,0.0,0.0,0.0,0.0,0.0,0.0,0.0,0.0,0.0,0.0,0.0,0.0,0.0
George Eliot,54.0,0.0,54,12.0,0.0,12,1819.0,0.0,0.0,0.0,0.0,0.0,0.0,0.0,0.0,0.0,0.0,0.0,0.0,0.0,0.0,0.0,0.0,0.0,0.0,0.0,0.0,0.0,0.0,0.0,0.0,0.0,0.0,0.0,0.0,0.0,0.0,0.0,0.0,0.0,0.0,0.0,0.0,0.0,0.0,0.0,0.0,0.0,0.0,0.0,0.0,0.0,0.0,0.0,0.0,0.0,0.0
George R.R. Martin,91.0,14.142135623730951,101,18.5,0.7071067811865476,19,1948.0,0.0,0.0,0.0,0.0,0.0,0.0,0.0,0.0,0.0,0.0,0.0,0.0,0.0,0.0,0.0,0.0,0.0,0.0,0.0,0.0,0.0,0.0,0.0,0.0,0.0,0.9535950483779214,0.0,0.0,0.0,0.0,0.30109215152359836,0.0,0.0,0.0,0.0,0.0,0.0,0.0,0.0,0.0,0.0,0.0,0.0,0.0,0.0,0.0,0.0,0.0,0.0,0.0
Harper Lee,148.0,0.0,148,27.0,0.0,27,1926.0,0.0,0.0,0.0,0.0,0.0,0.0,0.0,0.0,0.0,0.0,0.0,0.0,0.0,0.0,0.0,0.0,0.0,0.0,0.0,0.0,0.0,0.0,0.0,0.0,0.0,0.0,0.0,0.0,0.0,0.0,0.0,0.0,0.0,0.0,0.5861056346111364,0.0,0.0,0.5594286104179461,0.0,0.0,0.0,0.0,0.5861056346111364,0.0,0.0,0.0,0.0,0.0,0.0,0.0
Haruki Murakami,110.0,0.0,110,20.0,0.0,20,1949.0,0.0,0.0,0.0,0.0,0.0,0.0,0.0,0.0,0.0,0.0,0.0,0.0,0.0,0.0,0.0,0.0,0.0,0.0,0.0,0.0,0.0,0.0,0.0,0.0,0.0,0.0,0.0,0.0,0.0,0.0,0.0,0.0,0.0,0.0,0.0,0.49265630952312706,0.516149216470195,0.0,0.0,0.0,0.0,0.0,0.0,0.4404104082563178,0.5449022107899364,0.0,0.0,0.0,0.0,0.0
Helen Keller,153.0,0.0,153,31.0,0.0,31,1880.0,0.0,0.0,0.0,0.0,0.0,0.0,0.0,0.0,0.0,0.0,0.0,0.0,0.0,0.0,0.0,0.0,0.0,0.0,0.0,0.0,0.0,0.0,0.0,0.0,0.0,0.0,0.0,0.0,0.0,0.0,0.0,0.0,0.0,0.0,0.0,0.0,0.0,0.0,0.0,0.0,0.0,0.0,0.0,0.0,0.0,0.0,0.0,0.0,0.0,0.0
J.D. Salinger,241.0,0.0,241,47.0,0.0,47,1919.0,0.0,0.0,0.4350109625237302,0.0,0.0,0.0,0.47490213714815693,0.0,0.0,0.0,0.0,0.0,0.0,0.0,0.0,0.0,0.0,0.0,0.0,0.0,0.0,0.0,0.3927246133862972,0.0,0.0,0.0,0.0,0.0,0.0,0.0,0.0,0.0,0.0,0.0,0.0,0.0,0.47490213714815693,0.4532866210125637,0.0,0.0,0.0,0.0,0.0,0.0,0.0,0.0,0.0,0.0,0.0,0.0
J.K. Rowling,118.44444444444444,59.220163608164555,252,22.0,10.897247358851683,46,1965.0,0.0,0.0,0.0,0.286876584972504,0.0,0.0,0.0,0.0,0.0,0.0,0.5934892296738848,0.0,0.23985462457024753,2.196501112905567,0.0,0.0,0.0,0.0,0.5436368903249644,0.0,0.0,0.0,0.0,0.0,1.7905304386305028,0.0,0.0,0.612422750719358,0.23985462457024753,0.0,0.0,0.0,0.0,0.0,0.0,0.0,0.0,0.0,0.8606297549175121,0.0,0.0,0.5755653588377891,0.0,0.0,0.0,0.2489131737969445,0.5523596531131748,0.0,0.0,0.0
J.M. Barrie,42.0,0.0,42,8.0,0.0,8,1860.0,0.0,0.0,0.0,0.0,0.0,1.0,0.0,0.0,0.0,0.0,0.0,0.0,0.0,0.0,0.0,0.0,0.0,0.0,0.0,0.0,0.0,0.0,0.0,0.0,0.0,0.0,0.0,0.0,0.0,0.0,0.0,0.0,0.0,0.0,0.0,0.0,0.0,0.0,0.0,0.0,0.0,0.0,0.0,0.0,0.0,0.0,0.0,0.0,0.0,0.0
J.R.R. Tolkien,36.0,0.0,36,7.0,0.0,7,1892.0,0.0,0.0,0.0,0.0,0.0,0.0,0.0,0.0,0.0,0.0,0.0,0.0,0.0,0.0,0.0,0.0,0.0,0.0,0.0,0.0,0.0,0.0,0.0,0.0,0.0,0.0,0.0,0.0,0.0,0.0,0.0,0.0,0.0,0.0,0.0,0.0,0.0,0.0,0.0,0.0,0.0,0.0,0.0,0.0,0.0,0.0,0.0,0.0,0.0,0.0
James Baldwin,118.0,0.0,118,27.0,0.0,27,1924.0,0.0,0.0,0.0,0.0,0.0,0.0,0.0,0.0,0.0,0.0,0.0,0.0,0.0,0.0,0.0,0.0,0.0,0.0,0.0,0.0,0.0,0.0,0.0,0.0,0.0,0.0,0.0,0.9074138481598942,0.0,0.0,0.0,0.0,0.0,0.0,0.0,0.0,0.0,0.0,0.0,0.0,0.0,0.0,0.0,0.27277145263305375,0.0,0.0,0.0,0.0,0.31968084521301254,0.0
Jane Austen,171.8,86.4216408083068,309,33.4,17.126003620226175,59,1775.0,0.0,0.0,0.49430894981742146,0.0,0.3831871407738438,0.0,0.0,0.0,0.0,0.0,0.6096949959467239,0.0,0.6617535012320027,0.0,0.0,0.0,0.0,0.0,0.0,0.0,0.0,0.0,0.4462583887178329,0.44162957176486684,0.0,0.0,0.0,1.2968545059435597,0.0,0.0,0.0,0.0,0.0,0.9073989502525897,0.7497214840240245,0.0,0.5396378411198057,0.9812298643098583,0.0,0.0,0.0,0.5150758323401677,0.0,0.35694158721996494,0.0,0.0,0.0,0.0,0.0,0.3831871407738438
Jim Henson,134.0,0.0,134,27.0,0.0,27,1936.0,0.0,0.0,0.0,0.0,0.0,0.0,0.0,0.0,0.0,0.0,0.0,0.0,0.0,0.0,0.0,0.0,0.0,0.0,0.0,0.0,0.0,0.0,0.0,0.0,0.0,0.0,0.0,0.0,0.0,0.0,0.0,0.0,0.0,0.0,0.0,0.0,0.0,0.0,0.0,0.0,0.0,0.0,0.0,0.0,0.0,1.0,0.0,0.0,0.0,0.0
Jimi Hendrix,103.0,0.0,103,25.0,0.0,25,1942.0,0.0,0.0,0.0,0.0,0.0,0.6742319059107529,0.0,0.0,0.0,0.0,0.0,0.0,0.0,0.0,0.0,0.0,0.0,0.0,0.0,0.0,0.3047928563615129,0.25647257987899025,0.0,0.0,0.29250418536510003,0.0,0.0,0.0,0.0,0.0,0.0,0.0,0.0,0.0,0.0,0.0,0.0,0.0,0.0,0.0,0.0,0.0,0.0,0.0,0.0,0.29250418536510003,0.0,0.33711595295537644,0.3193272692457467,0.0
John Lennon,117.0,0.0,117,25.0,0.0,25,1940.0,0.0,0.0,0.0,0.0,0.0,0.0,0.0,0.0,0.0,0.0,0.0,0.0,0.0,0.0,0.0,0.0,0.0,0.0,0.0,0.0,0.0,0.0,0.0,0.0,0.5481369933401704,0.0,0.6317370284097616,0.0,0.0,0.0,0.0,0.0,0.0,0.0,0.0,0.0,0.0,0.0,0.0,0.0,0.0,0.0,0.0,0.0,0.0,0.0,0.0,0.0,0.0,0.5481369933401704
Jorge Luis Borges,65.0,0.0,65,12.0,0.0,12,1899.0,0.0,0.0,0.0,0.0,0.0,0.0,0.0,0.0,0.0,0.0,0.0,0.0,0.0,0.0,0.0,0.0,0.0,0.0,0.0,0.0,0.0,0.0,0.0,0.0,0.0,0.0,0.0,0.0,0.0,0.0,0.0,0.0,0.0,0.0,0.0,0.0,0.0,0.0,0.0,0.0,0.0,0.0,0.0,0.0,0.0,0.0,0.0,0.0,0.0,0.0
Khaled Hosseini,64.0,0.0,64,13.0,0.0,13,1965.0,0.0,0.0,0.0,0.0,0.0,0.0,0.0,0.0,0.0,0.0,0.0,0.0,0.0,0.0,0.0,0.0,0.7373984960862395,0.0,0.0,0.0,0.0,0.0,0.0,0.0,0.0,0.0,0.0,0.0,0.0,0.0,0.0,0.0,0.0,0.0,0.0,0.0,0.0,0.0,0.0,0.0,0.0,0.0,0.0,0.0,0.0,0.0,0.6754579616599038,0.0,0.0,0.0
Madeleine L'Engle,139.0,0.0,139,27.0,0.0,27,1918.0,0.0,0.0,1.0,0.0,0.0,0.0,0.0,0.0,0.0,0.0,0.0,0.0,0.0,0.0,0.0,0.0,0.0,0.0,0.0,0.0,0.0,0.0,0.0,0.0,0.0,0.0,0.0,0.0,0.0,0.0,0.0,0.0,0.0,0.0,0.0,0.0,0.0,0.0,0.0,0.0,0.0,0.0,0.0,0.0,0.0,0.0,0.0,0.0,0.0,0.0
Marilyn Monroe,240.85714285714286,372.716348166372,1084,45.142857142857146,69.06380762606072,201,1926.0,1.544341756168326,0.26627307093745645,0.0,0.24931262605050633,0.0,0.0,0.9706049708626258,0.22540822157704907,0.0,0.0,0.35423562442207696,0.35423562442207696,0.5414604965599312,0.0,0.0,0.12465631302525317,0.0,0.0,1.345527800028836,0.0,0.11270411078852453,0.18967317280307763,0.09764611679382196,0.0,0.0,0.0,0.49862525210101266,0.6540061329191904,1.208447776690099,0.12465631302525317,0.7373984960862395,0.0,0.0,0.0,0.0,0.0,0.0,0.0,0.24931262605050633,0.5229540402416121,0.0,0.11270411078852453,0.0,0.0,0.0,0.0,0.10816009439011944,0.0,0.0,0.5619097439788128
Mark Twain,73.16666666666667,18.956968815363563,104,14.0,4.69041575982343,22,1835.0,0.0,0.0,0.49385772775042547,0.0,0.0,0.486280568540554,0.0,0.5146056535545842,0.0,0.0,0.45827848888916956,0.0,0.8090134830710048,0.0,0.0,0.0,0.0,0.0,0.0,0.0,1.0,0.7380280790947215,0.0,0.0,0.0,0.486280568540554,0.0,0.0,0.0,0.0,0.4606208774103278,0.0,0.0,1.1697675561147318,0.0,0.5146056535545842,0.0,0.0,0.0,0.0,0.0,0.0,0.0,0.0,0.0,0.4219293104134423,1.279821783010377,0.0,0.6110619672027316,0.5597335402842711
Martin Luther King Jr.,45.0,0.0,45,9.0,0.0,9,1929.0,0.0,0.0,0.0,0.0,0.0,0.0,0.0,0.0,0.0,0.0,0.0,0.0,0.0,0.0,0.0,0.0,0.0,0.0,0.0,0.0,0.0,0.0,0.0,0.0,0.0,0.0,0.0,0.0,0.0,0.0,0.0,0.0,0.0,0.0,0.0,0.0,0.0,0.0,0.0,0.0,0.0,0.0,0.0,0.0,0.0,0.0,0.0,0.0,0.0,0.0
Mother Teresa,66.5,19.091883092036785,80,14.0,4.242640687119285,17,1910.0,0.0,0.0,0.0,0.0,0.0,0.0,0.0,0.0,0.0,0.0,0.0,0.0,0.0,0.6448901001924721,0.0,0.0,0.0,0.0,0.0,0.0,0.0,0.0,0.0,0.0,0.0,0.0,0.0,0.7159892214135647,0.0,0.0,0.0,0.0,0.0,0.6059709229228344,0.0,0.0,0.0,0.0,0.0,0.34040741523794726,0.0,0.0,0.6448901001924721,0.0,0.0,0.6288565247538545,0.0,0.0,0.0,0.0
Pablo Neruda,319.0,0.0,319,66.0,0.0,66,1904.0,0.0,0.0,0.0,0.0,0.0,0.0,0.0,0.0,0.0,0.0,0.0,0.0,0.0,0.0,0.0,0.0,0.0,0.0,0.0,0.2892633019449004,0.0,0.0,0.0,0.0,0.0,0.0,0.0,0.6976652619478106,0.0,0.0,0.0,0.0,0.0,0.0,0.0,0.0,0.0,0.0,0.0,0.0,0.0,0.0,0.0,0.0,0.0,0.0,0.0,0.0,0.6554310981477962,0.0
Ralph Waldo Emerson,168.5,140.71424945612296,268,32.0,28.284271247461902,52,1803.0,0.0,0.0,0.0,0.0,0.7751827700200798,0.0,0.0,0.0,0.0,0.4467055367151811,0.0,0.0,0.0,0.0,0.0,0.4467055367151811,0.0,0.0,0.0,0.0,0.0,0.0,0.0,0.0,0.0,0.0,0.0,0.0,0.0,0.0,0.0,0.0,0.0,0.0,0.0,0.0,0.0,0.0,0.0,0.0,0.0,0.0,0.0,0.0,0.0,0.0,0.0,0.0,0.0,0.0
Stephenie Meyer,34.0,0.0,34,7.0,0.0,7,1973.0,0.0,0.0,0.0,0.0,0.0,0.0,0.0,0.0,0.0,0.0,0.0,0.0,0.0,0.0,0.0,0.0,0.0,0.0,0.0,0.0,0.0,0.0,1.0,0.0,0.0,0.0,0.0,0.0,0.0,0.0,0.0,0.0,0.0,0.0,0.0,0.0,0.0,0.0,0.0,0.0,0.0,0.0,0.0,0.0,0.0,0.0,0.0,0.0,0.0,0.0
Steve Martin,50.0,0.0,50,9.0,0.0,9,1945.0,0.0,0.0,0.0,0.0,0.6037284973895782,0.0,0.0,0.0,0.0,0.0,0.0,0.0,0.0,0.0,0.0,0.0,0.0,0.0,0.0,0.5817573649270407,0.0,0.0,0.5450415303377056,0.0,0.0,0.0,0.0,0.0,0.0,0.0,0.0,0.0,0.0,0.0,0.0,0.0,0.0,0.0,0.0,0.0,0.0,0.0,0.0,0.0,0.0,0.0,0.0,0.0,0.0,0.0
Suzanne Collins,76.0,15.556349186104045,87,15.0,2.8284271247461903,17,1962.0,0.0,0.0,0.0,0.0,0.0,0.0,0.0,0.5487393566381515,0.0,0.6069328308593185,0.0,0.0,0.0,0.0,0.0,0.0,0.0,0.0,0.0,0.0,0.0,0.0,0.545050184032809,0.0,0.0,0.0,0.0,0.46771499154784796,0.0,0.0,0.0,0.0,0.0,0.0,0.5749066509455613,0.0,0.0,0.0,0.6958182115805804,0.0,0.0,0.0,0.0,0.0,0.0,0.0,0.0,0.0,0.0,0.0
Terry Pratchett,125.0,0.0,125,24.0,0.0,24,1948.0,0.0,0.0,0.0,0.0,0.0,0.0,0.0,0.0,0.0,0.0,0.0,0.0,0.0,0.0,0.0,0.0,0.0,0.0,0.0,0.0,0.0,0.0,0.0,0.0,0.0,0.0,0.0,0.0,0.0,0.0,0.0,0.0,0.0,0.6617535012320027,0.0,0.0,0.0,0.0,0.0,0.0,0.0,0.0,0.7497214840240245,0.0,0.0,0.0,0.0,0.0,0.0,0.0
Thomas A. Edison,65.0,0.0,65,12.0,0.0,12,1847.0,0.0,0.0,0.0,0.0,0.0,0.0,0.0,0.0,0.0,0.0,0.0,0.0,0.0,0.0,0.0,0.0,0.0,0.0,1.0,0.0,0.0,0.0,0.0,0.0,0.0,0.0,0.0,0.0,0.0,0.0,0.0,0.0,0.0,0.0,0.0,0.0,0.0,0.0,0.0,0.0,0.0,0.0,0.0,0.0,0.0,0.0,0.0,0.0,0.0,0.0
W.C. Fields,55.0,0.0,55,11.0,0.0,11,1880.0,0.0,0.0,0.0,0.0,0.0,0.0,0.0,0.0,0.0,0.0,0.0,0.0,0.0,0.0,0.0,0.0,0.0,0.0,0.0,0.0,0.0,0.0,0.0,0.0,0.0,0.0,0.0,0.0,0.0,0.0,0.0,0.0,0.0,0.0,0.0,0.0,0.0,0.0,0.0,0.0,0.0,0.0,0.0,0.0,0.0,0.0,0.0,0.0,0.0,0.0
William Nicholson,34.0,0.0,34,7.0,0.0,7,1948.0,0.0,0.0,0.0,0.0,0.0,0.0,0.0,0.0,0.0,0.0,0.0,0.0,0.0,0.0,0.0,0.0,0.0,0.0,0.0,0.6789457365574888,0.0,0.0,0.0,0.0,0.0,0.0,0.0,0.0,0.0,0.0,0.0,0.0,0.0,0.0,0.0,0.7341884545608227,0.0,0.0,0.0,0.0,0.0,0.0,0.0,0.0,0.0,0.0,0.0,0.0,0.0,0.0
